# Catalog Locus ID		Total Genotypes	Max	Genotype Freqs	F	Mean Log Likelihood	Genotype Map	
3		32	71.87500	aa:23(71.9%);bb:9(28.1%);	0.00000	1.00000	NN:b;TA:a;	
4		38	63.15789	aa:24(63.2%);bb:13(34.2%);cc:1(2.6%);	0.00000	1.00000	ATGC:c;GGAA:a;NNNN:b;	
8		90	68.88889	aa:62(68.9%);ac:1(1.1%);bb:17(18.9%);cc:3(3.3%);cf:1(1.1%);dd:4(4.4%);ee:2(2.2%);	0.00000	1.00000	ACAAGA:a;ACATAA:f;ACATGA:c;ACTTGA:d;GTATGG:e;NNNNNN:b;	
15		3	100.00000	aa:3(100.0%);	0.00000	1.00000	GC:a;	
29		1	100.00000	aa:1(100.0%);	0.00000	1.00000	N:a;	
30		45	42.22222	aa:19(42.2%);ac:2(4.4%);ae:2(4.4%);bb:8(17.8%);cc:3(6.7%);ce:1(2.2%);dd:3(6.7%);ee:1(2.2%);ff:2(4.4%);gg:1(2.2%);hh:1(2.2%);ii:1(2.2%);jk:1(2.2%);	0.00000	1.00000	CAAACGACAGTCAGTCCCTG:d;CATATTGCCATTTCGCATTG:g;CATATTGTCAGCTCGTATCA:e;CATATTGTCAGCTCGTATTA:a;CATATTGTCAGCTCGTATTN:j;CATCTTGCCAGCTCGCATTA:h;CGTATTGTCAGCTCGTATTG:c;CGTATTGTCAGCTCGTATTN:k;CNTATTGTCAGCTCGTATTG:i;NNNNNNNNNNNNNNNNNNNN:b;TATATTGCCAGCTCGCATTG:f;	
36		0	0.00000		0.00000	1.00000		
46		2	100.00000	aa:2(100.0%);	0.00000	1.00000	N:a;	
47		2	50.00000	aa:1(50.0%);bb:1(50.0%);	0.00000	1.00000	ATGNNN:a;NNNNNN:b;	
51		1	100.00000	aa:1(100.0%);	0.00000	1.00000	N:a;	
61		33	33.33333	aa:11(33.3%);bb:6(18.2%);bc:1(3.0%);bi:1(3.0%);bj:1(3.0%);bk:1(3.0%);bl:1(3.0%);cc:3(9.1%);ce:2(6.1%);dd:3(9.1%);ff:1(3.0%);gg:1(3.0%);hh:1(3.0%);	0.00000	1.00000	AGCTGCAG:i;GACTGCAA:c;GACTGCAG:e;GACTGCAN:f;GGCTGCAA:j;GGCTGCAG:b;GGCTGCAN:d;GGCTGCGG:k;GGGCGCAG:l;GGGCGCGG:g;GGNNGCAN:h;NNNNNNNN:a;	
69		30	60.00000	aa:18(60.0%);bb:10(33.3%);cc:1(3.3%);de:1(3.3%);	0.00000	1.00000	CAA:a;CAC:d;CTA:c;NNN:b;TAC:e;	
71		38	60.52632	aa:23(60.5%);bb:14(36.8%);cc:1(2.6%);	0.00000	1.00000	A:a;G:c;N:b;	
78		0	0.00000		0.00000	1.00000		
79		75	61.33333	aa:46(61.3%);ae:1(1.3%);ag:1(1.3%);ah:1(1.3%);bb:19(25.3%);cc:3(4.0%);dd:2(2.7%);ee:1(1.3%);ff:1(1.3%);	0.00000	1.00000	ACCGGCACGGC:c;ACCGGCACGGT:f;GACACTACTGC:d;GCCGGCAGTGC:g;GCCGGCGGTAC:h;GCCGGCGGTGC:a;GCTGGCGGTGC:e;NNNNNNNNNNN:b;	
85		2	50.00000	aa:1(50.0%);bb:1(50.0%);	0.00000	1.00000	GGCTA:a;NNNNN:b;	
100		87	51.72414	aa:45(51.7%);ac:9(10.3%);ad:2(2.3%);bb:17(19.5%);cc:7(8.0%);dd:1(1.1%);ee:2(2.3%);ff:2(2.3%);gg:1(1.1%);hh:1(1.1%);	0.00000	1.00000	CAACAG:d;GAAACG:g;GAACAG:a;GAACCG:c;GAACNG:e;GGGCAC:f;GNNCAN:h;NNNNNN:b;	
108		70	61.42857	aa:43(61.4%);af:1(1.4%);bb:18(25.7%);cc:3(4.3%);dd:3(4.3%);ee:2(2.9%);	0.00000	1.00000	AGTTTGGG:c;ATTTCGAG:f;ATTTCGGG:a;GTCATCGT:e;GTTATCGT:d;NNNNNNNN:b;	
110		31	64.51613	aa:20(64.5%);bb:9(29.0%);cc:1(3.2%);dd:1(3.2%);	0.00000	1.00000	AACC:c;GACC:a;GGTT:d;NNNN:b;	
115		32	65.62500	aa:21(65.6%);bb:11(34.4%);	0.00000	1.00000	ATGG:a;NNNN:b;	
127		18	55.55556	aa:10(55.6%);bb:7(38.9%);cc:1(5.6%);	0.00000	1.00000	CT:c;NN:b;TA:a;	
163		67	61.19403	aa:41(61.2%);ad:1(1.5%);bb:20(29.9%);cc:3(4.5%);dd:2(3.0%);	0.00000	1.00000	ATGA:c;GACG:d;GAGG:a;NNNN:b;	
171		35	71.42857	aa:25(71.4%);bb:7(20.0%);cc:3(8.6%);	0.00000	1.00000	AGTGA:c;GAACG:a;NNNNN:b;	
181		30	56.66667	aa:17(56.7%);bb:11(36.7%);cc:1(3.3%);dd:1(3.3%);	0.00000	1.00000	CAT:a;CTT:c;NNN:b;TAG:d;	
189		39	25.64103	aa:8(20.5%);ac:3(7.7%);ad:2(5.1%);bb:10(25.6%);cc:7(17.9%);cd:1(2.6%);dd:4(10.3%);ee:2(5.1%);ff:1(2.6%);fg:1(2.6%);	0.00000	1.00000	AAGAT:e;AGATC:a;AGGTC:c;AGNTC:f;GGGTC:d;GGNTC:g;NNNNN:b;	
208		31	41.93548	aa:13(41.9%);ac:2(6.5%);bb:11(35.5%);cc:4(12.9%);dd:1(3.2%);	0.00000	1.00000	CGCCC:a;CTTCC:c;NNNNN:b;TTCTT:d;	
221		19	52.63158	aa:10(52.6%);bb:9(47.4%);	0.00000	1.00000	CT:b;NN:a;	
228		33	54.54545	aa:18(54.5%);ac:1(3.0%);bb:10(30.3%);cc:2(6.1%);dd:1(3.0%);ee:1(3.0%);	0.00000	1.00000	ACC:d;NNN:b;TAC:e;TCC:a;TCT:c;	
232		1	100.00000	aa:1(100.0%);	0.00000	1.00000	GA:a;	
239		39	33.33333	aa:13(33.3%);ah:1(2.6%);bb:11(28.2%);cc:5(12.8%);ci:1(2.6%);dd:3(7.7%);ee:2(5.1%);ff:2(5.1%);gg:1(2.6%);	0.00000	1.00000	CAGCTACCCT:e;CAGCTGCCCT:g;CCACTGCCCT:c;CCGCCGCCCT:h;CCGCTGCCCT:a;CCGTTGCCCT:i;CCNCTGCCCT:f;GCGCTGGAGA:d;NNNNNNNNNN:b;	
241		3	66.66667	aa:2(66.7%);bb:1(33.3%);	0.00000	1.00000	CG:b;TC:a;	
250		1	100.00000	aa:1(100.0%);	0.00000	1.00000	NN:a;	
251		3	66.66667	aa:1(33.3%);ab:2(66.7%);	0.00000	1.00000	A:b;G:a;	
255		6	50.00000	aa:3(50.0%);bb:3(50.0%);	0.00000	1.00000	GCC:a;NNN:b;	
264		1	100.00000	aa:1(100.0%);	0.00000	1.00000	NN:a;	
267		4	75.00000	aa:3(75.0%);bb:1(25.0%);	0.00000	1.00000	CGCCCG:b;NNNNNN:a;	
278		19	52.63158	aa:10(52.6%);bb:9(47.4%);	0.00000	1.00000	GC:a;NN:b;	
285		0	0.00000		0.00000	1.00000		
292		31	32.25806	aa:10(32.3%);ad:1(3.2%);bb:10(32.3%);cc:4(12.9%);dd:1(3.2%);df:2(6.5%);ee:2(6.5%);gg:1(3.2%);	0.00000	1.00000	ACCAGGACA:d;ACCAGTACA:e;AGCAAGGTC:c;AGCAGGGTC:a;AGCGGGGTC:f;NNNNNNNNN:b;TGCAGGGTC:g;	
297		1	100.00000	aa:1(100.0%);	0.00000	1.00000	NNNNNNNNN:a;	
301		3	66.66667	aa:2(66.7%);bb:1(33.3%);	0.00000	1.00000	C:a;T:b;	
307		0	0.00000		0.00000	1.00000		
309		2	50.00000	aa:1(50.0%);bb:1(50.0%);	0.00000	1.00000	GG:a;TA:b;	
312		2	100.00000	aa:2(100.0%);	0.00000	1.00000	N:a;	
318		2	50.00000	aa:1(50.0%);bb:1(50.0%);	0.00000	1.00000	AG:a;NN:b;	
324		13	23.07692	aa:3(23.1%);bb:3(23.1%);cc:3(23.1%);dd:1(7.7%);ee:1(7.7%);ff:1(7.7%);gh:1(7.7%);	0.00000	1.00000	ACTATT:d;NCTATT:a;NNNNNN:b;TCCGCC:e;TCCGTN:c;TCCGTT:g;TCTATT:h;TTCGCC:f;	
325		37	54.05405	aa:20(54.1%);af:1(2.7%);bb:10(27.0%);cc:4(10.8%);dd:1(2.7%);ee:1(2.7%);	0.00000	1.00000	ACCCACCC:d;AGCCAGGC:a;AGCCAGGN:e;AGTCAGGC:f;CGCCAGGC:c;NNNNNNNN:b;	
329		46	58.69565	aa:27(58.7%);ac:2(4.3%);bb:13(28.3%);cc:1(2.2%);dd:2(4.3%);ee:1(2.2%);	0.00000	1.00000	ACCAACG:a;ACCAGCA:c;ACTTATG:d;GATAGCA:e;NNNNNNN:b;	
334		39	38.46154	aa:15(38.5%);ac:1(2.6%);ad:1(2.6%);bb:12(30.8%);cc:6(15.4%);cd:1(2.6%);dd:1(2.6%);ee:2(5.1%);	0.00000	1.00000	AAT:d;ACG:a;ACT:c;GAT:e;NNN:b;	
339		1	100.00000	aa:1(100.0%);	0.00000	1.00000	NNNNN:a;	
343		93	37.63441	aa:35(37.6%);ab:12(12.9%);ad:2(2.2%);ag:2(2.2%);ak:1(1.1%);al:1(1.1%);bb:17(18.3%);bf:2(2.2%);bm:1(1.1%);bn:1(1.1%);cc:8(8.6%);dd:2(2.2%);ee:3(3.2%);ff:1(1.1%);fj:1(1.1%);gg:1(1.1%);hh:2(2.2%);ii:1(1.1%);	0.00000	1.00000	AGGGCAGCCGGGTCA:j;GAGGCAGCCGGGCCA:d;GGAGCAGCCGGGCCA:k;GGGACAGCCGGGCCA:g;GGGATGCCCGGGCGA:e;GGGGCAGCCGAACCA:l;GGGGCAGCCGGGCCA:a;GGGGCAGCCGGGCCT:i;GGGGCAGCCGGGTCA:f;GGGGCAGCCNGGCCA:h;GGGGCAGCCTGGCCA:b;GGGGCAGCTTGGCCA:m;GGGGCAGTCTGGCCA:n;NNNNNNNNNNNNNNN:c;	
347		2	50.00000	aa:1(50.0%);bb:1(50.0%);	0.00000	1.00000	CAAGCTCA:a;NNNNNNNN:b;	
351		20	45.00000	aa:9(45.0%);bb:4(20.0%);cc:1(5.0%);ci:1(5.0%);dd:1(5.0%);ee:1(5.0%);ff:1(5.0%);gg:1(5.0%);hh:1(5.0%);	0.00000	1.00000	CAATTAAGGGGGG:i;CACATAAGGGGGG:d;CACATANGGGGGG:e;CACATATGGGGGG:c;CACNCAAGGGGGG:f;CACTCAAGGGGGG:g;CANNNAAGGNNNN:h;NNNNNNNNNNNNN:a;TACTCAATAGGGG:b;	
356		2	50.00000	aa:1(50.0%);bb:1(50.0%);	0.00000	1.00000	GAGCCGGTC:a;NNNNNNNNN:b;	
360		3	66.66667	aa:2(66.7%);bb:1(33.3%);	0.00000	1.00000	CGGGG:a;NNNNN:b;	
365		4	100.00000	aa:4(100.0%);	0.00000	1.00000	NNNNNNNNNNNNN:a;	
379		33	48.48485	aa:16(48.5%);ad:1(3.0%);bb:9(27.3%);cc:6(18.2%);ce:1(3.0%);	0.00000	1.00000	GATGT:d;GGAGC:a;GGAGT:c;NNNNN:b;TGAGT:e;	
382		17	100.00000	aa:17(100.0%);	0.00000	1.00000	:a;	
387		1	100.00000	aa:1(100.0%);	0.00000	1.00000	NN:a;	
394		41	39.02439	aa:16(39.0%);ac:3(7.3%);ad:2(4.9%);bb:10(24.4%);cc:5(12.2%);cd:1(2.4%);dd:3(7.3%);ee:1(2.4%);	0.00000	1.00000	ATGA:c;GAAA:e;GTAA:a;GTGA:d;NNNN:b;	
404		35	57.14286	aa:20(57.1%);ac:1(2.9%);bb:12(34.3%);cc:2(5.7%);	0.00000	1.00000	C:a;N:b;T:c;	
420		1	100.00000	ab:1(100.0%);	0.00000	1.00000	C:a;T:b;	
424		1	100.00000	aa:1(100.0%);	0.00000	1.00000	CCGGG:a;	
438		35	65.71429	aa:23(65.7%);bb:12(34.3%);	0.00000	1.00000	C:a;N:b;	
439		0	0.00000		0.00000	1.00000		
467		1	100.00000	ab:1(100.0%);	0.00000	1.00000	GN:a;TN:b;	
475		6	50.00000	aa:3(50.0%);bb:1(16.7%);cc:1(16.7%);dd:1(16.7%);	0.00000	1.00000	AAAGAT:b;ACAAAG:c;NNNNNN:a;TCGAGG:d;	
484		38	60.52632	aa:23(60.5%);ad:1(2.6%);bb:12(31.6%);cc:2(5.3%);	0.00000	1.00000	ACA:a;NNN:b;TAG:d;TCG:c;	
494		0	0.00000		0.00000	1.00000		
508		42	30.95238	aa:13(31.0%);ac:4(9.5%);ad:1(2.4%);bb:11(26.2%);cc:8(19.0%);dd:2(4.8%);ee:2(4.8%);ff:1(2.4%);	0.00000	1.00000	CTCA:d;NNNN:b;TCCA:e;TCCG:f;TCTA:c;TTCA:a;	
521		14	57.14286	aa:8(57.1%);bb:6(42.9%);	0.00000	1.00000	GAG:a;NNN:b;	
522		80	28.75000	aa:23(28.7%);bb:16(20.0%);bc:4(5.0%);bd:2(2.5%);be:1(1.2%);cc:11(13.8%);cd:2(2.5%);dd:9(11.2%);de:2(2.5%);ee:5(6.2%);ff:1(1.2%);gg:1(1.2%);hh:1(1.2%);ii:1(1.2%);jj:1(1.2%);	0.00000	1.00000	CGAACG:f;CGAGCA:c;CGAGTA:g;CGTGCA:h;CTAGCA:d;NGAGNA:i;NGANCA:j;NNNNNN:a;TGAACA:e;TGAGCA:b;	
527		16	56.25000	aa:9(56.2%);bb:7(43.8%);	0.00000	1.00000	NN:b;TC:a;	
528		44	52.27273	aa:23(52.3%);ad:2(4.5%);ae:3(6.8%);bb:12(27.3%);cc:3(6.8%);dd:1(2.3%);	0.00000	1.00000	ATTGC:c;NNNNN:b;TCGAC:d;TCGGC:a;TCGGG:e;	
529		29	58.62069	aa:17(58.6%);bb:11(37.9%);cc:1(3.4%);	0.00000	1.00000	GAC:c;GGC:a;NNN:b;	
530		16	68.75000	aa:11(68.8%);bb:5(31.2%);	0.00000	1.00000	G:a;N:b;	
534		16	50.00000	aa:8(50.0%);bb:8(50.0%);	0.00000	1.00000	CA:a;NN:b;	
540		20	60.00000	aa:12(60.0%);bb:6(30.0%);cc:1(5.0%);dd:1(5.0%);	0.00000	1.00000	GTGAAAGC:c;GTGAAAGN:a;NNNNNNNN:b;TGTTGGAN:d;	
546		41	34.14634	aa:14(34.1%);bb:11(26.8%);be:3(7.3%);bg:1(2.4%);bi:1(2.4%);cc:4(9.8%);dd:3(7.3%);ee:1(2.4%);ff:1(2.4%);gj:1(2.4%);hh:1(2.4%);	0.00000	1.00000	AGAGCGCGCGAGG:f;GGGAAGTGCGCAG:d;GGGACATCCGCAG:g;GGGACGTCCGCAG:e;GGGACGTGCGCAA:i;GGGACGTGCGCAG:b;GGGACGTGCTCAG:h;GGGACGTGTGCAG:j;GGGACGTNCGCAG:c;NNNNNNNNNNNNN:a;	
551		0	0.00000		0.00000	1.00000		
556		0	0.00000		0.00000	1.00000		
560		4	75.00000	aa:3(75.0%);bb:1(25.0%);	0.00000	1.00000	ATGT:b;NNNN:a;	
567		7	71.42857	aa:5(71.4%);bb:1(14.3%);cc:1(14.3%);	0.00000	1.00000	ACAC:b;GTAC:c;NNNN:a;	
569		29	62.06897	aa:18(62.1%);ad:1(3.4%);bb:7(24.1%);cc:3(10.3%);	0.00000	1.00000	CCA:a;CTA:d;NNN:b;TCA:c;	
571		14	100.00000	aa:14(100.0%);	0.00000	1.00000	:a;	
574		5	60.00000	aa:3(60.0%);bb:1(20.0%);cc:1(20.0%);	0.00000	1.00000	AATGTT:b;GAGGTA:c;NNNNNN:a;	
575		1	100.00000	aa:1(100.0%);	0.00000	1.00000	ACAGTG:a;	
585		1	100.00000	aa:1(100.0%);	0.00000	1.00000	NN:a;	
590		1	100.00000	aa:1(100.0%);	0.00000	1.00000	A:a;	
602		47	46.80851	aa:22(46.8%);ac:3(6.4%);bb:13(27.7%);cc:4(8.5%);dd:2(4.3%);ee:1(2.1%);ff:1(2.1%);gg:1(2.1%);	0.00000	1.00000	NNNNNN:b;TCACCC:e;TCATCC:d;TCGTCC:c;TGACCC:f;TGGTCC:a;TGGTCG:g;	
604		0	0.00000		0.00000	1.00000		
610		19	63.15789	aa:12(63.2%);bb:7(36.8%);	0.00000	1.00000	NN:b;TA:a;	
611		0	0.00000		0.00000	1.00000		
621		40	35.00000	aa:14(35.0%);ac:1(2.5%);ad:1(2.5%);bb:12(30.0%);cc:4(10.0%);dd:3(7.5%);ee:2(5.0%);ff:2(5.0%);gg:1(2.5%);	0.00000	1.00000	AACCCCTC:g;AGCCCCAC:e;AGCCCCTC:c;AGTTCCTC:a;AGTTCCTG:d;GGCCGTTC:f;NNNNNNNN:b;	
624		38	50.00000	aa:19(50.0%);ac:3(7.9%);ad:2(5.3%);bb:11(28.9%);cc:1(2.6%);dd:1(2.6%);ee:1(2.6%);	0.00000	1.00000	CTCTT:c;NNNNN:b;TCTTN:e;TTCTC:a;TTCTT:d;	
629		1	100.00000	aa:1(100.0%);	0.00000	1.00000	C:a;	
634		17	52.94118	aa:9(52.9%);bb:6(35.3%);cc:2(11.8%);	0.00000	1.00000	G:b;N:a;T:c;	
647		0	0.00000		0.00000	1.00000		
665		35	31.42857	aa:9(25.7%);ac:1(2.9%);ad:2(5.7%);ag:1(2.9%);bb:11(31.4%);cc:5(14.3%);dd:4(11.4%);ee:1(2.9%);ff:1(2.9%);	0.00000	1.00000	AAAGG:c;AAAGT:g;AATAG:e;ACAGG:d;ACAGT:a;NNNNN:b;TCAGG:f;	
676		75	36.00000	aa:27(36.0%);bb:19(25.3%);be:1(1.3%);bf:1(1.3%);cc:10(13.3%);cd:5(6.7%);dd:3(4.0%);ee:2(2.7%);ff:2(2.7%);gg:1(1.3%);gk:1(1.3%);hh:1(1.3%);ii:1(1.3%);jj:1(1.3%);	0.00000	1.00000	ACCCA:d;ACCCG:g;ACCCN:b;ACTCN:h;GCCCN:e;GCTCG:k;GCTCN:f;GGCCN:i;GGTTA:c;NCCCN:j;NNNNN:a;	
706		39	53.84615	aa:21(53.8%);ac:2(5.1%);bb:13(33.3%);cc:3(7.7%);	0.00000	1.00000	C:c;N:b;T:a;	
707		35	68.57143	aa:24(68.6%);bb:11(31.4%);	0.00000	1.00000	NN:b;TT:a;	
710		0	0.00000		0.00000	1.00000		
714		5	80.00000	aa:4(80.0%);bb:1(20.0%);	0.00000	1.00000	NNNN:a;TTAA:b;	
720		27	37.03704	aa:10(37.0%);ad:2(7.4%);bb:8(29.6%);cc:3(11.1%);dd:1(3.7%);ee:2(7.4%);ff:1(3.7%);	0.00000	1.00000	NNNNN:b;TACAA:c;TACAG:d;TCTAG:a;TCTTG:f;TNNAA:e;	
721		32	34.37500	aa:9(28.1%);ac:5(15.6%);bb:11(34.4%);dd:2(6.2%);ee:2(6.2%);ff:1(3.1%);gg:1(3.1%);hh:1(3.1%);	0.00000	1.00000	GAGAGG:d;GAGNAN:f;GAGTAG:g;GGAAAG:h;GGGAAA:a;GGGAAG:c;GGGAAN:e;NNNNNN:b;	
729		22	54.54545	aa:12(54.5%);bb:7(31.8%);cc:2(9.1%);dd:1(4.5%);	0.00000	1.00000	CGA:c;NNN:b;TAA:a;TGA:d;	
740		82	25.60976	aa:21(25.6%);ab:14(17.1%);bb:16(19.5%);cc:19(23.2%);dd:7(8.5%);ee:3(3.7%);ff:1(1.2%);gg:1(1.2%);	0.00000	1.00000	AGAGT:b;GAGAG:e;GGAGT:a;GGGGN:f;GGGGT:d;NGAGT:g;NNNNN:c;	
749		5	40.00000	aa:2(40.0%);bb:1(20.0%);cc:1(20.0%);dd:1(20.0%);	0.00000	1.00000	GAGAGTG:b;GCCAGTG:a;GCCGATG:c;NNNNNNN:d;	
752		0	0.00000		0.00000	1.00000		
756		4	50.00000	aa:2(50.0%);bb:1(25.0%);cc:1(25.0%);	0.00000	1.00000	CAAACCTGC:b;CTAATTTGC:a;NNNNNNNNN:c;	
757		2	50.00000	aa:1(50.0%);bb:1(50.0%);	0.00000	1.00000	CCCG:a;GCAT:b;	
777		2	50.00000	aa:1(50.0%);bc:1(50.0%);	0.00000	1.00000	NNNNNN:a;TTCCTA:b;TTCTCA:c;	
780		77	50.64935	aa:39(50.6%);ac:3(3.9%);ai:1(1.3%);bb:21(27.3%);cc:3(3.9%);dd:3(3.9%);ee:3(3.9%);ff:2(2.6%);gg:1(1.3%);hh:1(1.3%);	0.00000	1.00000	CGATCTCATCC:f;CNNTCTNAANC:g;NNNNNNNNNNN:b;TAGTCTTAAGC:a;TAGTTTTAAGC:i;TGATCTCAACT:c;TGGCCATGACT:d;TGGTCTTGACC:e;TNNTCTNAANN:h;	
789		3	66.66667	aa:2(66.7%);ab:1(33.3%);	0.00000	1.00000	A:b;G:a;	
817		16	56.25000	aa:9(56.2%);bb:7(43.8%);	0.00000	1.00000	G:a;N:b;	
820		35	28.57143	aa:10(28.6%);bb:8(22.9%);cc:6(17.1%);cj:1(2.9%);dd:4(11.4%);ee:2(5.7%);ff:2(5.7%);gg:1(2.9%);hi:1(2.9%);	0.00000	1.00000	CTTAGAAA:h;CTTGGAAA:i;CTTGGANA:e;NNNNNNNN:a;TCTAAAGA:j;TTCAAAAC:d;TTTAAAAA:b;TTTAAAGA:c;TTTAAANA:f;TTTAGANA:g;	
860		17	17.64706	aa:3(17.6%);bb:2(11.8%);bm:1(5.9%);cc:2(11.8%);ce:1(5.9%);dd:2(11.8%);ee:1(5.9%);ff:1(5.9%);gg:1(5.9%);hh:1(5.9%);il:1(5.9%);jk:1(5.9%);	0.00000	1.00000	ACATAACAAGGCCCN:e;ACCCAAAATATCACN:b;ACCCAAAATATCATN:d;ACCCAACATATCACN:i;ACCCAACGTATCACN:f;ACCCACAATATCATN:c;ACCNAAAATATCACC:j;ACCNGAAATATCACC:k;ACCTAAAATATCACN:l;ACCTGAAANNNGACC:g;ACCTGAAANNNNACC:h;CCCCAAAATATCACN:m;NNNNNNNNNNNNNNN:a;	
863		35	62.85714	aa:22(62.9%);bb:10(28.6%);cc:1(2.9%);dd:1(2.9%);ee:1(2.9%);	0.00000	1.00000	CTGATAC:c;CTTAGAC:d;CTTATAC:a;CTTATAN:e;NNNNNNN:b;	
867		16	37.50000	aa:6(37.5%);bb:5(31.2%);cc:2(12.5%);dd:1(6.2%);ee:1(6.2%);fg:1(6.2%);	0.00000	1.00000	CGCCGGGGGCT:d;CGCTGGTGGCN:c;CGCTGGTGGCT:e;CGCTGGTGGTT:a;CGGTATGGGTA:f;NNNNNNNNNNN:b;TGGTGGGGATA:g;	
871		36	36.11111	aa:13(36.1%);ac:1(2.8%);bb:12(33.3%);cc:4(11.1%);dd:2(5.6%);ee:2(5.6%);ff:1(2.8%);gh:1(2.8%);	0.00000	1.00000	AAAAGCACATGTT:f;AAAAGCACGTGTT:c;AGAGGCACGTGCT:g;AGAGGCACGTGTT:h;AGAGGTCTGAGTG:d;GAAGGCACGTGTT:a;GGGGGCACGTATN:e;NNNNNNNNNNNNN:b;	
877		1	100.00000	aa:1(100.0%);	0.00000	1.00000	CGCTN:a;	
878		42	33.33333	aa:14(33.3%);bb:9(21.4%);bc:5(11.9%);cc:9(21.4%);dd:5(11.9%);	0.00000	1.00000	AAGCA:b;GAGCA:c;GGTTG:d;NNNNN:a;	
900		14	57.14286	aa:8(57.1%);bb:5(35.7%);cc:1(7.1%);	0.00000	1.00000	GA:a;NN:b;TA:c;	
913		30	63.33333	aa:19(63.3%);bb:9(30.0%);cc:2(6.7%);	0.00000	1.00000	NNNNN:b;TACTT:a;TAGAT:c;	
919		14	64.28571	aa:9(64.3%);bb:5(35.7%);	0.00000	1.00000	A:a;N:b;	
920		32	31.25000	aa:10(31.2%);bb:3(9.4%);be:1(3.1%);bg:1(3.1%);bj:1(3.1%);cc:3(9.4%);cd:1(3.1%);dd:2(6.2%);de:1(3.1%);ee:2(6.2%);ff:2(6.2%);gg:1(3.1%);hh:1(3.1%);hm:1(3.1%);ii:1(3.1%);kl:1(3.1%);	0.00000	1.00000	AAAGAG:j;NNAGAA:k;NNAGAG:l;NNNNNN:a;TAACAG:f;TAACGG:d;TAAGGG:g;TGAGAA:b;TGAGAG:c;TGTGAG:e;TNAGAA:m;TNAGAG:h;TNAGAN:i;	
923		1	100.00000	aa:1(100.0%);	0.00000	1.00000	NN:a;	
924		39	69.23077	aa:27(69.2%);ac:1(2.6%);bb:11(28.2%);	0.00000	1.00000	C:a;N:b;T:c;	
928		1	100.00000	aa:1(100.0%);	0.00000	1.00000	N:a;	
932		31	51.61290	aa:16(51.6%);ac:2(6.5%);bb:9(29.0%);cc:3(9.7%);dd:1(3.2%);	0.00000	1.00000	NNNNNNNNNN:b;TCATATTTTT:a;TCATGTTTTT:c;TCATNTTTTT:d;	
933		15	53.33333	aa:8(53.3%);bb:6(40.0%);cc:1(6.7%);	0.00000	1.00000	CGC:b;CGN:c;NNN:a;	
954		0	0.00000		0.00000	1.00000		
956		37	29.72973	aa:11(29.7%);bb:8(21.6%);bd:2(5.4%);bf:2(5.4%);cc:7(18.9%);ci:1(2.7%);dd:2(5.4%);ee:2(5.4%);gg:1(2.7%);hh:1(2.7%);	0.00000	1.00000	CCCGCTA:e;CCTGCTA:d;CGCACAA:f;CGNACAA:c;NCNGCTA:g;NNNGCTC:h;NNNNNNN:a;TCCGCTA:b;TCNGCTA:i;	
961		3	66.66667	aa:2(66.7%);bb:1(33.3%);	0.00000	1.00000	NNNNN:a;TGGGA:b;	
962		2	50.00000	aa:1(50.0%);bb:1(50.0%);	0.00000	1.00000	NNNNNNNN:a;TAGGCGGN:b;	
963		1	100.00000	aa:1(100.0%);	0.00000	1.00000	N:a;	
966		76	38.15789	aa:28(36.8%);ac:4(5.3%);ad:1(1.3%);bb:29(38.2%);cc:10(13.2%);cd:3(3.9%);dd:1(1.3%);	0.00000	1.00000	AA:c;AT:d;NN:b;TA:a;	
976		72	52.77778	aa:38(52.8%);ad:4(5.6%);ag:1(1.4%);ah:1(1.4%);bb:22(30.6%);cc:3(4.2%);ee:2(2.8%);ff:1(1.4%);	0.00000	1.00000	ACTTC:d;ACTTN:c;GATTC:g;GCCTG:f;GCTCC:h;GCTTC:a;GCTTN:e;NNNNN:b;	
984		30	36.66667	aa:11(36.7%);bb:6(20.0%);cc:5(16.7%);cd:1(3.3%);dd:3(10.0%);ee:3(10.0%);ff:1(3.3%);	0.00000	1.00000	CCCT:c;CNCT:e;CTAT:f;NNNN:a;TCCT:d;TNCT:b;	
985		14	35.71429	aa:5(35.7%);bb:4(28.6%);cc:3(21.4%);dd:1(7.1%);ee:1(7.1%);	0.00000	1.00000	AGACACGNAC:d;AGACACGTAC:c;AGATACGNAC:b;NNNNNNNNNN:a;TGCCGCGNNN:e;	
991		81	75.30864	aa:61(75.3%);bb:18(22.2%);cc:2(2.5%);	0.00000	1.00000	AGGGC:a;GTAAT:c;NNNNN:b;	
1000		0	0.00000		0.00000	1.00000		
1002		19	36.84211	aa:7(36.8%);bb:4(21.1%);bg:1(5.3%);cc:3(15.8%);dd:2(10.5%);ee:1(5.3%);ff:1(5.3%);	0.00000	1.00000	GGCAGCCGCG:b;GGCAGCCGCN:e;GGCAGCNNNN:c;NACGTGAATN:f;NNNNNNNNNN:a;TACGTGAATT:d;TGCAGCCGCG:g;	
1005		0	0.00000		0.00000	1.00000		
1007		0	0.00000		0.00000	1.00000		
1027		40	35.00000	aa:14(35.0%);ah:1(2.5%);bb:14(35.0%);cc:4(10.0%);ci:1(2.5%);dd:2(5.0%);ee:2(5.0%);ff:1(2.5%);gg:1(2.5%);	0.00000	1.00000	ANAC:h;GAAT:c;GAGT:i;GGAT:d;GNAC:e;GNAN:f;GNAT:a;NNAN:g;NNNN:b;	
1047		88	43.18182	aa:38(43.2%);ac:8(9.1%);ad:3(3.4%);bb:16(18.2%);cc:7(8.0%);ch:1(1.1%);dd:3(3.4%);ee:3(3.4%);ff:2(2.3%);gg:2(2.3%);hh:1(1.1%);ii:1(1.1%);jj:1(1.1%);kk:1(1.1%);lm:1(1.1%);	0.00000	1.00000	CCCCCCCCCG:c;CCCCCCCNCG:i;CCCCCCCTCG:a;CCCCCCCTTG:d;CCCCCCTTCG:l;CCCCGCCTCC:e;CCCGCCCTCG:j;CCGCCTCTCG:m;CCGCCTCTCN:f;CCNCCNCTCN:k;CTGCCCCTCN:g;NNNNNNNNNN:b;TCCCCCCTCG:h;	
1053		70	30.00000	aa:21(30.0%);ac:4(5.7%);ad:1(1.4%);ae:1(1.4%);bb:18(25.7%);cc:6(8.6%);ce:1(1.4%);ck:1(1.4%);dd:7(10.0%);ee:4(5.7%);ff:2(2.9%);gg:1(1.4%);hh:1(1.4%);ii:1(1.4%);jj:1(1.4%);	0.00000	1.00000	AGCGACTCCTGC:g;GGCGACACCTGC:e;GGCGACTCCCTC:d;GGCGACTCCTGC:a;GGCGACTCCTGT:h;GGCGACTCTTGC:i;GGCGACTTCTGC:k;GGCGNCTCCTGC:f;GGCGTCTCCTGC:c;GTGCAGTCTTGC:j;NNNNNNNNNNNN:b;	
1057		1	100.00000	aa:1(100.0%);	0.00000	1.00000	NNN:a;	
1080		1	100.00000	aa:1(100.0%);	0.00000	1.00000	NNN:a;	
1081		2	100.00000	aa:2(100.0%);	0.00000	1.00000	NNNNNNN:a;	
1085		39	30.76923	aa:12(30.8%);ab:2(5.1%);bb:9(23.1%);cc:9(23.1%);dd:2(5.1%);dh:1(2.6%);ee:2(5.1%);ff:1(2.6%);gg:1(2.6%);	0.00000	1.00000	CCCTCGGCATT:b;CCCTCGGCGGT:e;CCCTCGGCGTT:d;CCCTCGGTGGT:a;CCTTCGGTGGT:f;CTCTCGGTGTT:h;NNNNNNNNNNN:c;TCCCCCTCGGC:g;	
1088		2	50.00000	aa:1(50.0%);bb:1(50.0%);	0.00000	1.00000	CC:a;TT:b;	
1102		1	100.00000	aa:1(100.0%);	0.00000	1.00000	T:a;	
1105		20	30.00000	aa:6(30.0%);bb:2(10.0%);bc:1(5.0%);bd:1(5.0%);cc:2(10.0%);cd:1(5.0%);dg:2(10.0%);ee:1(5.0%);ff:1(5.0%);hh:1(5.0%);ii:1(5.0%);jj:1(5.0%);	0.00000	1.00000	CCATATCCT:b;CCATGGCGT:e;CCATGTCCT:f;CCATGTCGT:g;CCATGTNNT:h;CCATGTTGT:c;CNNTNTNNT:i;CTCGATCCA:d;GCATGTTGT:j;NNNNNNNNN:a;	
1114		0	0.00000		0.00000	1.00000		
1129		1	100.00000	aa:1(100.0%);	0.00000	1.00000	NNNNN:a;	
1139		83	27.71084	aa:23(27.7%);ac:5(6.0%);ad:5(6.0%);bb:19(22.9%);cc:11(13.3%);cd:1(1.2%);dd:5(6.0%);ee:4(4.8%);ff:3(3.6%);gg:2(2.4%);hh:2(2.4%);ii:1(1.2%);jj:1(1.2%);kk:1(1.2%);	0.00000	1.00000	ACACACAGAC:a;ACACACAGAN:f;ACACACAGTC:d;ACACACNGAC:e;ACACACTGAC:c;ACACACTNAC:i;ACANACAGAT:j;ACATACAGAT:g;ATACACAGAC:k;NNNNNNNNNN:b;TCGCGTATAT:h;	
1143		36	47.22222	aa:17(47.2%);ac:1(2.8%);ag:1(2.8%);bb:12(33.3%);cc:1(2.8%);cd:1(2.8%);dd:1(2.8%);ee:1(2.8%);ff:1(2.8%);	0.00000	1.00000	AAAAGGG:e;GACGCGG:g;GACGGAG:c;GACGGGA:d;GACGGGG:a;GACGGGN:f;NNNNNNN:b;	
1146		30	53.33333	aa:16(53.3%);ad:2(6.7%);bb:11(36.7%);cc:1(3.3%);	0.00000	1.00000	CCAT:a;CTTG:c;NNNN:b;TCAT:d;	
1152		0	0.00000		0.00000	1.00000		
1155		36	58.33333	aa:21(58.3%);bb:12(33.3%);cc:1(2.8%);dd:1(2.8%);ee:1(2.8%);	0.00000	1.00000	ACCGAATCA:c;GGAACGGCG:a;GGAGAGTTG:d;NGAGAGTCG:e;NNNNNNNNN:b;	
1166		35	37.14286	aa:13(37.1%);ac:2(5.7%);ai:1(2.9%);bb:11(31.4%);cc:2(5.7%);dd:2(5.7%);ee:1(2.9%);ff:1(2.9%);gg:1(2.9%);hh:1(2.9%);	0.00000	1.00000	ATAGACT:e;GNGGNTN:f;GTGAATN:i;GTGGATN:a;GTGGATT:d;GTGGGTN:c;GTGGNTN:g;NNNNNNN:b;NTAGACT:h;	
1174		39	35.89744	aa:14(35.9%);bb:9(23.1%);bd:1(2.6%);be:1(2.6%);cc:8(20.5%);dd:2(5.1%);ee:1(2.6%);ff:1(2.6%);gg:1(2.6%);hh:1(2.6%);	0.00000	1.00000	AATCA:f;GATCA:e;GATTC:c;GGCTC:b;GGTCA:g;GGTNN:h;GGTTC:d;NNNNN:a;	
1194		2	50.00000	aa:1(50.0%);bb:1(50.0%);	0.00000	1.00000	GA:a;NN:b;	
1197		68	58.82353	aa:40(58.8%);ac:3(4.4%);ad:1(1.5%);bb:18(26.5%);cc:3(4.4%);dd:2(2.9%);ee:1(1.5%);	0.00000	1.00000	CC:a;CT:d;NC:e;NN:b;TC:c;	
1203		2	100.00000	aa:2(100.0%);	0.00000	1.00000	T:a;	
1209		3	33.33333	aa:1(33.3%);bb:1(33.3%);cd:1(33.3%);	0.00000	1.00000	CCANGGTAGGGGTACC:c;CCTNAGTAGGGGCTCC:d;NNNNNNNNNNNNNNNN:a;TCTNGGTAGGGGTACC:b;	
1211		17	52.94118	aa:9(52.9%);bb:8(47.1%);	0.00000	1.00000	G:a;N:b;	
1212		14	50.00000	aa:7(50.0%);ac:2(14.3%);bb:5(35.7%);	0.00000	1.00000	AAATAATT:a;NNNNNNNN:b;TACCGGCT:c;	
1213		1	100.00000	aa:1(100.0%);	0.00000	1.00000	AG:a;	
1241		2	50.00000	aa:1(50.0%);bb:1(50.0%);	0.00000	1.00000	CAAGCNN:a;TGCGAAA:b;	
1246		30	36.66667	aa:11(36.7%);bb:9(30.0%);bc:1(3.3%);bd:1(3.3%);cc:7(23.3%);ce:1(3.3%);	0.00000	1.00000	CAG:d;CGC:c;CGG:b;NNN:a;TGC:e;	
1282		30	40.00000	aa:12(40.0%);ac:1(3.3%);ad:1(3.3%);bb:12(40.0%);cc:1(3.3%);cd:1(3.3%);ce:1(3.3%);dd:1(3.3%);	0.00000	1.00000	NNNNN:b;TCACT:e;TGACT:c;TGATT:a;TGCCT:d;	
1283		0	0.00000		0.00000	1.00000		
1288		3	66.66667	aa:2(66.7%);bb:1(33.3%);	0.00000	1.00000	A:b;G:a;	
1296		75	37.33333	aa:28(37.3%);ab:4(5.3%);bb:18(24.0%);cc:20(26.7%);dd:3(4.0%);ee:1(1.3%);ff:1(1.3%);	0.00000	1.00000	CAGAGGT:d;CATAGGT:b;CGTAGGT:a;CGTAGTT:e;NNNNNNN:c;TATATGT:f;	
1307		3	100.00000	aa:3(100.0%);	0.00000	1.00000	A:a;	
1310		23	34.78261	aa:8(34.8%);bb:4(17.4%);bc:2(8.7%);cc:3(13.0%);dd:2(8.7%);ee:1(4.3%);ff:1(4.3%);gg:1(4.3%);hh:1(4.3%);	0.00000	1.00000	AGCGCATGTGGTA:d;AGCGTACCTGGCG:c;AGCGTACGTAGCG:b;AGCGTACGTGACG:e;AGCGTACNTGGCG:f;AGTGTACGTGACG:g;ATCATACGTGGCA:h;NNNNNNNNNNNNN:a;	
1312		3	100.00000	aa:3(100.0%);	0.00000	1.00000	N:a;	
1313		2	100.00000	aa:2(100.0%);	0.00000	1.00000	N:a;	
1315		42	38.09524	aa:16(38.1%);ac:2(4.8%);bb:14(33.3%);cc:6(14.3%);cd:1(2.4%);dd:1(2.4%);ee:1(2.4%);ff:1(2.4%);	0.00000	1.00000	AAGGAA:d;GAGAAG:e;GAGGAA:c;GAGGCA:f;GTGGAA:a;NNNNNN:b;	
1316		40	50.00000	aa:20(50.0%);bb:13(32.5%);cc:7(17.5%);	0.00000	1.00000	A:a;C:c;N:b;	
1321		4	50.00000	aa:2(50.0%);bb:1(25.0%);cc:1(25.0%);	0.00000	1.00000	CGTGTGGTC:b;CGTGTGGTT:a;GGGGTCGTT:c;	
1333		31	100.00000	aa:31(100.0%);	0.00000	1.00000	:a;	
1343		2	50.00000	aa:1(50.0%);bb:1(50.0%);	0.00000	1.00000	TCCTAAAAAATTT:a;TTCTAAAAAATTT:b;	
1356		37	48.64865	aa:18(48.6%);ae:1(2.7%);af:1(2.7%);bb:14(37.8%);cc:2(5.4%);dd:1(2.7%);	0.00000	1.00000	AAATGTCCG:a;AAATTTCCG:e;AATCTGCTC:d;AGACGTCCG:c;GAATGTCCG:f;NNNNNNNNN:b;	
1360		34	55.88235	aa:19(55.9%);bb:15(44.1%);	0.00000	1.00000	N:b;T:a;	
1361		79	63.29114	aa:50(63.3%);ag:1(1.3%);bb:19(24.1%);cc:5(6.3%);dd:2(2.5%);ee:1(1.3%);ff:1(1.3%);	0.00000	1.00000	AAGAAGGGG:d;AGAAGAACA:e;AGAAGAGCA:a;AGAAGAGGA:c;AGACGAGCA:g;GGAAGAGCA:f;NNNNNNNNN:b;	
1362		45	55.55556	aa:25(55.6%);ac:1(2.2%);bb:13(28.9%);cc:2(4.4%);dd:1(2.2%);ee:1(2.2%);ff:1(2.2%);gg:1(2.2%);	0.00000	1.00000	ACTCA:a;ACTNA:d;ACTTA:c;ACTTG:e;NNNNN:b;TACCA:f;TATCA:g;	
1363		2	50.00000	aa:1(50.0%);bb:1(50.0%);	0.00000	1.00000	AGGGGTTTGTATTAGC:a;NNNNNNNNNNNNNNNN:b;	
1368		83	72.28916	aa:60(72.3%);ac:2(2.4%);bb:21(25.3%);	0.00000	1.00000	A:c;N:b;T:a;	
1375		77	35.06494	aa:27(35.1%);ac:9(11.7%);ah:1(1.3%);ai:1(1.3%);bb:17(22.1%);cc:12(15.6%);dd:5(6.5%);ee:3(3.9%);ff:1(1.3%);gg:1(1.3%);	0.00000	1.00000	CCAAAAGAGC:e;GCAGAAAAAC:f;GCAGAAGAAC:g;GCAGAAGAGA:d;GCGGTGGAGA:a;GCGGTGGAGC:h;GCGGTGGTGA:i;GTGGTGGAGA:c;NNNNNNNNNN:b;	
1381		0	0.00000		0.00000	1.00000		
1387		0	0.00000		0.00000	1.00000		
1391		42	61.90476	aa:26(61.9%);ac:2(4.8%);bb:13(31.0%);cc:1(2.4%);	0.00000	1.00000	C:c;G:a;N:b;	
1397		8	62.50000	aa:5(62.5%);bb:3(37.5%);	0.00000	1.00000	ACAAACTGGT:a;GCAAACTGGT:b;	
1400		2	50.00000	aa:1(50.0%);bb:1(50.0%);	0.00000	1.00000	GCGAT:a;NNNNN:b;	
1401		0	0.00000		0.00000	1.00000		
1402		31	51.61290	aa:16(51.6%);bb:12(38.7%);cc:2(6.5%);dd:1(3.2%);	0.00000	1.00000	CGN:a;GAT:d;GGG:c;NNN:b;	
1403		33	33.33333	aa:11(33.3%);bb:8(24.2%);cc:4(12.1%);dd:3(9.1%);dj:1(3.0%);ee:2(6.1%);ff:1(3.0%);gg:1(3.0%);hh:1(3.0%);ii:1(3.0%);	0.00000	1.00000	CCCACTA:d;CCCTTTA:e;CCTACTA:f;CCTTCTA:j;CCTTTCA:c;CCTTTTA:g;CCTTTTG:h;CTCTTTA:i;NNNNNNN:a;TCTACTA:b;	
1404		15	100.00000	aa:15(100.0%);	0.00000	1.00000	:a;	
1419		14	57.14286	aa:8(57.1%);bb:6(42.9%);	0.00000	1.00000	C:a;N:b;	
1436		1	100.00000	aa:1(100.0%);	0.00000	1.00000	NNNN:a;	
1444		0	0.00000		0.00000	1.00000		
1446		78	35.89744	aa:28(35.9%);ac:7(9.0%);bb:20(25.6%);cc:12(15.4%);ce:1(1.3%);dd:6(7.7%);ee:2(2.6%);ff:1(1.3%);gg:1(1.3%);	0.00000	1.00000	ACAAN:f;ACACG:e;NNNNN:b;TTACA:c;TTACG:a;TTACN:d;TTGCA:g;	
1450		1	100.00000	aa:1(100.0%);	0.00000	1.00000	CG:a;	
1454		83	66.26506	aa:55(66.3%);bb:23(27.7%);cc:3(3.6%);dd:1(1.2%);ee:1(1.2%);	0.00000	1.00000	CAAAGGCCCCC:d;NNNNNNNNNNN:b;TCCGATATGAT:a;TCCGGTCTGAT:c;TCCGGTCTNNN:e;	
1457		0	0.00000		0.00000	1.00000		
1463		3	33.33333	aa:1(33.3%);bb:1(33.3%);cc:1(33.3%);	0.00000	1.00000	GATAGA:a;GNTAGA:b;NNNNNN:c;	
1466		75	49.33333	aa:37(49.3%);af:3(4.0%);ag:1(1.3%);bb:23(30.7%);cc:1(1.3%);cd:7(9.3%);ee:3(4.0%);	0.00000	1.00000	CGCN:g;NNNN:b;TACN:f;TATN:e;TGCA:c;TGCC:d;TGCN:a;	
1472		76	32.89474	aa:25(32.9%);bb:5(6.6%);bc:2(2.6%);bd:2(2.6%);be:2(2.6%);bh:1(1.3%);bl:1(1.3%);cc:5(6.6%);ce:1(1.3%);dd:3(3.9%);dg:1(1.3%);dh:2(2.6%);dl:1(1.3%);ee:4(5.3%);eg:1(1.3%);ff:5(6.6%);ft:1(1.3%);gg:3(3.9%);gq:1(1.3%);hh:1(1.3%);ii:2(2.6%);jj:1(1.3%);kk:1(1.3%);mm:1(1.3%);nn:1(1.3%);oo:1(1.3%);pr:1(1.3%);su:1(1.3%);	0.00000	1.00000	CCAGCACACACAGAGACA:s;CTAGCACACACAGAGACA:u;CTGACGCACGCACAATCA:d;CTGGCGCACGCACAATCT:o;CTGGCGCACGCACTATCT:i;CTGGCGCACGCCCAAACA:t;CTGGCGCACGTACAATCA:b;CTGGCGCACGTACAATTA:c;CTGGCGCATGCACAATCT:j;CTGGCGCATGTACAATCA:f;CTGGCGNACGTACAATCA:p;CTGGNGNACGCACAATCA:n;CTGGTGCACGCACAAACA:h;CTGGTGCACGCACAANNN:m;CTGGTGCTCGCACAAACA:l;CTGGTGNACGCACAATCA:r;CTGGTGTACGCACAATCA:g;CTGNCGCACGCACAATCA:k;NNNNNNNNNNNNNNNNNN:a;TTGGCGCACGCACAAACA:e;TTGGCGCACGCACAATCA:q;	
1482		1	100.00000	aa:1(100.0%);	0.00000	1.00000	TC:a;	
1484		83	25.30120	aa:21(25.3%);ad:3(3.6%);ai:1(1.2%);aw:1(1.2%);bb:20(24.1%);cc:7(8.4%);cj:1(1.2%);ck:1(1.2%);cr:2(2.4%);dd:3(3.6%);ee:3(3.6%);ef:1(1.2%);ff:2(2.4%);gg:2(2.4%);hh:2(2.4%);ii:1(1.2%);jj:1(1.2%);kk:1(1.2%);ll:1(1.2%);mm:1(1.2%);nn:1(1.2%);oo:1(1.2%);pp:1(1.2%);qq:1(1.2%);ss:1(1.2%);tt:1(1.2%);uu:1(1.2%);vv:1(1.2%);	0.00000	1.00000	CCACGCTCCAAACAGTN:v;CCACGCTGCTAAAGGTN:d;CGACACCGCTTCAAGGA:h;CGACACTGCAAACAGTN:t;CGACACTGCTAAAGGTN:s;CGACACTGCTAAAGGTT:m;CGACACTGCTACAGGTA:j;CGACACTGCTACAGGTN:i;CGACGCTGCNAANNGTN:l;CGACGCTGCTAAAGGTA:c;CGACGCTGCTAAAGGTN:a;CGACGCTGCTAAAGGTT:n;CGACGCTGCTAAAGTTT:o;CGACGCTGNAAACAGTN:p;CGACGCTGNNAANNGTN:q;CGACGCTGTAAACAGTA:r;CGACGCTGTAAACAGTN:e;CGATGCTGCTAAAGGTN:w;CGGCGTTGCTAAAGGTA:k;CGGCGTTGCTAAAGGTN:f;CGNCGNTGCTAAAGGTN:u;NNNNNNNNNNNNNNNNN:b;TGACACTGCAAACAGTA:g;	
1486		0	0.00000		0.00000	1.00000		
1490		40	42.50000	aa:17(42.5%);ac:2(5.0%);bb:14(35.0%);cc:4(10.0%);dd:2(5.0%);ee:1(2.5%);	0.00000	1.00000	AGA:e;AGG:c;NNN:b;TAG:d;TGG:a;	
1497		0	0.00000		0.00000	1.00000		
1504		34	41.17647	aa:14(41.2%);ac:1(2.9%);af:1(2.9%);bb:7(20.6%);cc:6(17.6%);dd:3(8.8%);ee:2(5.9%);	0.00000	1.00000	CTACCA:e;NNNNNN:b;TCGCCG:f;TTGCCG:a;TTGCTG:d;TTGTCG:c;	
1505		2	50.00000	aa:1(50.0%);bb:1(50.0%);	0.00000	1.00000	ACC:a;CCC:b;	
1507		0	0.00000		0.00000	1.00000		
1523		14	100.00000	aa:14(100.0%);	0.00000	1.00000	:a;	
1524		32	46.87500	aa:15(46.9%);ae:1(3.1%);ag:1(3.1%);bb:11(34.4%);cc:2(6.2%);dd:1(3.1%);fh:1(3.1%);	0.00000	1.00000	GTGCCGCACAA:e;NNNNNNNNNNN:b;TAGCCGCACAC:a;TAGCCGCACTC:d;TAGCCGCGCTC:f;TAGCCGTACTC:c;TAGTTACACAC:g;TAGTTATACTC:h;	
1526		43	67.44186	aa:29(67.4%);ae:1(2.3%);bb:10(23.3%);cc:1(2.3%);cf:1(2.3%);dd:1(2.3%);	0.00000	1.00000	AACCC:a;AACCT:e;AGCCC:c;AGCTC:f;ANCCC:d;NNNNN:b;	
1529		3	66.66667	aa:2(66.7%);ab:1(33.3%);	0.00000	1.00000	C:b;T:a;	
1533		42	40.47619	aa:17(40.5%);ac:3(7.1%);ad:2(4.8%);ae:2(4.8%);bb:12(28.6%);cc:4(9.5%);dd:2(4.8%);	0.00000	1.00000	CGAA:e;GGAA:c;GGAG:a;GGTG:d;NNNN:b;	
1537		71	39.43662	aa:28(39.4%);ac:1(1.4%);ad:2(2.8%);ag:2(2.8%);ai:1(1.4%);bb:26(36.6%);cc:6(8.5%);dd:1(1.4%);dj:1(1.4%);ee:1(1.4%);ff:1(1.4%);hh:1(1.4%);	0.00000	1.00000	CCAAA:i;CCAAT:d;CCAGA:c;CCAGN:e;CCAGT:a;CCCAT:j;CCCGT:f;CTAGT:g;NNNNN:b;TCAGA:h;	
1542		44	65.90909	aa:29(65.9%);bb:14(31.8%);cc:1(2.3%);	0.00000	1.00000	GAC:a;GAT:c;NNN:b;	
1559		4	100.00000	aa:4(100.0%);	0.00000	1.00000	CCATCT:a;	
1564		34	29.41176	aa:10(29.4%);bb:7(20.6%);bd:1(2.9%);bh:1(2.9%);cc:7(20.6%);dd:5(14.7%);ee:1(2.9%);ff:1(2.9%);gg:1(2.9%);	0.00000	1.00000	CTTTGCCT:d;NNNNNNNN:a;TGTTAACC:b;TGTTAATC:h;TTCCACCC:e;TTCCACTC:f;TTCTAACC:c;TTTTGCCT:g;	
1566		75	66.66667	aa:50(66.7%);ae:1(1.3%);bb:20(26.7%);cc:3(4.0%);dd:1(1.3%);	0.00000	1.00000	AAC:d;GAC:c;GGA:e;GGC:a;NNN:b;	
1570		72	66.66667	aa:48(66.7%);ad:1(1.4%);ae:1(1.4%);bb:18(25.0%);cc:4(5.6%);	0.00000	1.00000	AAGTA:c;ATACC:d;ATATC:a;GTATC:e;NNNNN:b;	
1584		0	0.00000		0.00000	1.00000		
1586		0	0.00000		0.00000	1.00000		
1588		28	46.42857	aa:13(46.4%);bb:8(28.6%);bc:1(3.6%);cc:5(17.9%);dd:1(3.6%);	0.00000	1.00000	AAA:b;AGA:d;GGA:c;NNN:a;	
1592		2	100.00000	aa:2(100.0%);	0.00000	1.00000	NNN:a;	
1593		3	66.66667	aa:2(66.7%);bb:1(33.3%);	0.00000	1.00000	ATTTACAT:a;CTTTACAT:b;	
1594		18	100.00000	aa:18(100.0%);	0.00000	1.00000	:a;	
1606		1	100.00000	aa:1(100.0%);	0.00000	1.00000	NNNN:a;	
1607		4	50.00000	aa:2(50.0%);bb:1(25.0%);cc:1(25.0%);	0.00000	1.00000	AAACTCG:b;CTCCTTG:c;NNNNNNN:a;	
1608		36	47.22222	aa:17(47.2%);ac:4(11.1%);bb:12(33.3%);cc:1(2.8%);dd:2(5.6%);	0.00000	1.00000	ACCC:c;GGCC:a;GNCC:d;NNNN:b;	
1609		1	100.00000	aa:1(100.0%);	0.00000	1.00000	NN:a;	
1633		20	60.00000	aa:12(60.0%);bb:7(35.0%);cc:1(5.0%);	0.00000	1.00000	AC:c;CC:a;NN:b;	
1635		15	60.00000	aa:9(60.0%);bb:6(40.0%);	0.00000	1.00000	AGC:b;NNN:a;	
1641		1	100.00000	aa:1(100.0%);	0.00000	1.00000	TNC:a;	
1645		27	44.44444	aa:12(44.4%);bb:9(33.3%);cc:3(11.1%);dd:1(3.7%);ee:1(3.7%);ff:1(3.7%);	0.00000	1.00000	GCAGAGGGG:d;GCCGAGGGG:c;GTCGGATTG:e;GTCGGGTGG:f;GTCGGGTTG:a;NNNNNNNNN:b;	
1646		14	42.85714	aa:6(42.9%);bb:3(21.4%);cc:3(21.4%);dd:1(7.1%);ee:1(7.1%);	0.00000	1.00000	AAAGGTGC:d;AAGGGTGC:e;NNNNNNNN:a;TAAGGTGG:b;TCAGATAC:c;	
1673		2	100.00000	aa:2(100.0%);	0.00000	1.00000	NNNNN:a;	
1689		0	0.00000		0.00000	1.00000		
1690		36	61.11111	aa:22(61.1%);bb:14(38.9%);	0.00000	1.00000	C:a;N:b;	
1706		0	0.00000		0.00000	1.00000		
1710		40	62.50000	aa:25(62.5%);bb:11(27.5%);cc:2(5.0%);dd:1(2.5%);ee:1(2.5%);	0.00000	1.00000	ACC:a;ACN:d;ACT:e;CCC:c;NNN:b;	
1711		38	36.84211	aa:14(36.8%);ac:1(2.6%);ad:1(2.6%);ah:1(2.6%);bb:11(28.9%);cc:3(7.9%);cd:1(2.6%);dd:2(5.3%);ee:2(5.3%);ff:1(2.6%);gg:1(2.6%);	0.00000	1.00000	CTCTTCACAATC:h;GCATGCAAAGTC:c;GCCGTCAAAAGC:f;GCCGTCAAGGTT:g;GCCTGTAAAGTC:e;GTCTTCACAATC:a;GTCTTCGAAGGC:d;NNNNNNNNNNNN:b;	
1714		1	100.00000	aa:1(100.0%);	0.00000	1.00000	NN:a;	
1717		45	33.33333	aa:15(33.3%);bb:14(31.1%);bc:1(2.2%);cc:7(15.6%);cd:1(2.2%);dd:2(4.4%);ee:1(2.2%);ff:1(2.2%);gg:1(2.2%);hi:1(2.2%);jk:1(2.2%);	0.00000	1.00000	AGGGGCGGGATTAG:h;AGGGGCGGGGTTAG:i;GAAAGCAGAATATC:c;GAAGACGAAGTTTG:e;GAAGACGGAATTTG:f;GAAGANGAANTTTC:j;GAAGANGAANTTTG:k;GAAGATGAAGTTTG:b;GAAGATGGAGTTTG:d;GANGATGAAGTTTG:g;NNNNNNNNNNNNNN:a;	
1719		0	0.00000		0.00000	1.00000		
1731		2	100.00000	aa:2(100.0%);	0.00000	1.00000	ATGGCC:a;	
1734		76	73.68421	aa:56(73.7%);ac:1(1.3%);ad:1(1.3%);bb:15(19.7%);cc:3(3.9%);	0.00000	1.00000	AG:d;GC:c;GG:a;NN:b;	
1750		18	33.33333	aa:6(33.3%);bb:4(22.2%);bc:1(5.6%);cc:3(16.7%);cd:1(5.6%);dd:2(11.1%);ee:1(5.6%);	0.00000	1.00000	ACACCG:d;ACGCCG:c;NCGCCG:e;NNNNNN:a;TCGCTT:b;	
1752		40	40.00000	aa:16(40.0%);ac:3(7.5%);bb:14(35.0%);cc:5(12.5%);dd:1(2.5%);ee:1(2.5%);	0.00000	1.00000	GGA:c;GGG:d;NNG:e;NNN:b;TAG:a;	
1759		35	34.28571	aa:12(34.3%);ac:1(2.9%);ah:1(2.9%);bb:10(28.6%);cc:4(11.4%);dd:4(11.4%);ee:1(2.9%);ff:1(2.9%);gg:1(2.9%);	0.00000	1.00000	CCCACACGCAG:e;CCCACTCGCAA:c;CCCACTCGCAG:a;CCCACTTGCAG:d;CCCTCTCGCAG:h;CTCACTCACAG:f;CTTACTCGCAG:g;NNNNNNNNNNN:b;	
1779		1	100.00000	aa:1(100.0%);	0.00000	1.00000	T:a;	
1783		92	51.08696	aa:47(51.1%);ab:9(9.8%);ag:1(1.1%);bb:13(14.1%);cc:13(14.1%);dd:5(5.4%);ee:2(2.2%);ff:2(2.2%);	0.00000	1.00000	ACGGCG:e;ATATCG:f;GCATCA:d;GCATCG:b;GTATCG:a;GTATTG:g;NNNNNN:c;	
1792		1	100.00000	aa:1(100.0%);	0.00000	1.00000	TCTG:a;	
1797		45	22.22222	aa:10(22.2%);ac:6(13.3%);ad:1(2.2%);bb:8(17.8%);cc:5(11.1%);dd:3(6.7%);dg:1(2.2%);ee:3(6.7%);ff:2(4.4%);fk:1(2.2%);gg:1(2.2%);hh:1(2.2%);ii:1(2.2%);jj:1(2.2%);lm:1(2.2%);	0.00000	1.00000	AAATTCACAAGCTAGG:f;AATTTCACAATCTAGG:k;ATACACATACGTTATG:h;ATATTCATANGCGAGT:e;ATATTCGTACGCGCGG:i;ATATTCGTANGCGCGG:a;ATATTCGTANGCTAGG:d;ATATTNGTANGCTAGG:l;ATATTTGTANGCTAGG:j;NNNNNNNNNNNNNNNN:b;TTATTNGTANGCGCGG:m;TTATTTGTANGCGCGG:g;TTATTTGTANGCTAGG:c;	
1799		0	0.00000		0.00000	1.00000		
1802		36	52.77778	aa:19(52.8%);ac:2(5.6%);bb:13(36.1%);cc:2(5.6%);	0.00000	1.00000	C:c;N:b;T:a;	
1813		1	100.00000	aa:1(100.0%);	0.00000	1.00000	NNNNN:a;	
1822		25	28.00000	aa:7(28.0%);bb:5(20.0%);bi:1(4.0%);cc:3(12.0%);dd:2(8.0%);de:1(4.0%);ee:2(8.0%);ff:2(8.0%);gg:1(4.0%);hh:1(4.0%);	0.00000	1.00000	AAGGATCACAA:i;AAGGATCACNN:c;AAGGGTCACAA:d;AAGGGTCATNN:g;ACGGGTCACAA:b;ACGGGTCACNN:f;ACGGGTTACAA:e;GACAGACTCGG:h;NNNNNNNNNNN:a;	
1825		39	66.66667	aa:26(66.7%);ad:2(5.1%);bb:9(23.1%);cc:2(5.1%);	0.00000	1.00000	ATACAC:c;GCGAGA:d;GTGAGA:a;NNNNNN:b;	
1827		34	29.41176	aa:10(29.4%);ac:1(2.9%);ae:2(5.9%);bb:10(29.4%);cc:5(14.7%);ce:1(2.9%);cg:1(2.9%);ch:1(2.9%);dd:2(5.9%);ff:1(2.9%);	0.00000	1.00000	GCGGCA:e;NNNNNN:b;TAGGCG:f;TCGACA:g;TCGGCA:c;TCGGTA:h;TCNGCA:d;TCTGCA:a;	
1844		78	50.00000	aa:39(50.0%);ac:4(5.1%);ad:1(1.3%);ae:1(1.3%);af:1(1.3%);bb:20(25.6%);cc:6(7.7%);dd:3(3.8%);ee:1(1.3%);ff:1(1.3%);gg:1(1.3%);	0.00000	1.00000	AGCCC:e;GCCCC:g;GGCCC:a;GGCCG:f;GGCTC:c;GGTCC:d;NNNNN:b;	
1851		0	0.00000		0.00000	1.00000		
1869		17	41.17647	aa:7(41.2%);bb:5(29.4%);bc:1(5.9%);bd:1(5.9%);cc:3(17.6%);	0.00000	1.00000	GCCC:d;GCCT:c;GGCC:b;NNNN:a;	
1870		0	0.00000		0.00000	1.00000		
1887		0	0.00000		0.00000	1.00000		
1892		14	57.14286	aa:8(57.1%);bb:6(42.9%);	0.00000	1.00000	N:b;T:a;	
1863		3	33.33333	aa:1(33.3%);ac:1(33.3%);bb:1(33.3%);	0.00000	1.00000	GAC:a;GGC:c;TAT:b;	
1912		1	100.00000	aa:1(100.0%);	0.00000	1.00000	T:a;	
1925		41	29.26829	aa:12(29.3%);bb:8(19.5%);bc:2(4.9%);bd:1(2.4%);cc:7(17.1%);cd:1(2.4%);dd:3(7.3%);ee:1(2.4%);fg:2(4.9%);hh:1(2.4%);ii:1(2.4%);jj:1(2.4%);kl:1(2.4%);	0.00000	1.00000	CACCCTCTTGNN:e;CACCTTCTTGGN:f;CACCTTCTTGGT:k;CACCTTCTTGNN:b;CACCTTCTTGTN:g;CACCTTTCTANN:h;CACTTTTCTAGA:l;CACTTTTCTANN:d;CGCCTTTTCGGA:i;GATCTACTTGNN:c;NANCTNCTTGNN:j;NNNNNNNNNNNN:a;	
1928		1	100.00000	aa:1(100.0%);	0.00000	1.00000	NNN:a;	
1930		34	61.76471	aa:21(61.8%);bb:12(35.3%);cc:1(2.9%);	0.00000	1.00000	ACCCG:a;ACCGG:c;NNNNN:b;	
1933		1	100.00000	aa:1(100.0%);	0.00000	1.00000	GCAAC:a;	
1950		40	72.50000	aa:29(72.5%);bb:11(27.5%);	0.00000	1.00000	A:a;N:b;	
1953		1	100.00000	aa:1(100.0%);	0.00000	1.00000	CATAGAT:a;	
1960		18	50.00000	aa:9(50.0%);bb:9(50.0%);	0.00000	1.00000	A:a;N:b;	
1961		36	58.33333	aa:21(58.3%);bb:14(38.9%);cc:1(2.8%);	0.00000	1.00000	GC:a;GT:c;NN:b;	
1966		79	24.05063	aa:17(21.5%);ac:4(5.1%);ae:3(3.8%);an:1(1.3%);bb:19(24.1%);cc:10(12.7%);cd:1(1.3%);ce:1(1.3%);dd:9(11.4%);ee:2(2.5%);ff:2(2.5%);fh:1(1.3%);gg:2(2.5%);hh:1(1.3%);ii:1(1.3%);jj:1(1.3%);kk:1(1.3%);ll:1(1.3%);mm:1(1.3%);op:1(1.3%);	0.00000	1.00000	ACACGATACCGNA:n;ACACGATACTGAA:f;ACACGATACTGNA:a;ACGCAAAACTANA:o;ACGCGATACTGAA:h;ACGCGATACTGNA:c;ACGCGATACTGNG:d;ACGCGATACTGNN:i;ACGCGGTACTGNG:j;ACGCGGTATTGNG:e;ACGTAATACTGNA:p;ACGTGATACTANA:k;ACNCGATACTGNA:l;ATGCGATACTANA:g;CTGCGATACTANA:m;NNNNNNNNNNNNN:b;	
1969		16	56.25000	aa:9(56.2%);bb:7(43.8%);	0.00000	1.00000	CA:b;NN:a;	
1973		31	41.93548	aa:13(41.9%);ac:2(6.5%);ad:1(3.2%);ag:1(3.2%);bb:10(32.3%);cc:1(3.2%);dd:1(3.2%);df:1(3.2%);ee:1(3.2%);	0.00000	1.00000	CCACTGCAGT:c;CTAATCCGGT:f;CTACTCCGGT:d;CTACTGCAAT:g;CTACTGCAGC:e;CTACTGCAGT:a;NNNNNNNNNN:b;	
1978		71	54.92958	aa:39(54.9%);ac:2(2.8%);ad:1(1.4%);al:1(1.4%);bb:16(22.5%);cc:2(2.8%);dd:2(2.8%);ee:2(2.8%);ff:1(1.4%);gk:1(1.4%);gm:1(1.4%);hh:1(1.4%);ii:1(1.4%);jj:1(1.4%);	0.00000	1.00000	CGAATGGGCCGT:f;CGAGCAGACCGT:k;CGAGCGGACCGT:g;CGAGCGGGCAGC:l;CGAGCGGGCAGT:a;CGAGCGGGCCAT:h;CGAGCGGGCCGT:d;CGAGCGGGTAGT:c;CGAGCGTGCAGT:i;CGANNGGGCCGT:j;CTAGCGGGCAGT:e;NNNNNNNNNNNN:b;TGTGTGGACCAT:m;	
1980		0	0.00000		0.00000	1.00000		
1983		14	57.14286	aa:8(57.1%);bb:6(42.9%);	0.00000	1.00000	N:a;T:b;	
1990		2	50.00000	aa:1(50.0%);bb:1(50.0%);	0.00000	1.00000	NNNNN:a;TAAGG:b;	
1994		34	32.35294	aa:9(26.5%);ac:3(8.8%);ad:1(2.9%);ae:1(2.9%);af:1(2.9%);bb:11(32.4%);cc:4(11.8%);cd:1(2.9%);ce:1(2.9%);dd:1(2.9%);ee:1(2.9%);	0.00000	1.00000	CTTCAA:d;NNNNNN:b;TGTCCA:c;TGTTCA:e;TTCCCA:f;TTTCCA:a;	
1998		29	34.48276	aa:9(31.0%);ac:2(6.9%);bb:10(34.5%);cc:7(24.1%);dd:1(3.4%);	0.00000	1.00000	AATAAGAACT:d;AATGAGAACT:a;GAAGGGAACT:c;NNNNNNNNNN:b;	
1999		1	100.00000	aa:1(100.0%);	0.00000	1.00000	CC:a;	
2056		19	57.89474	aa:11(57.9%);bb:8(42.1%);	0.00000	1.00000	C:a;N:b;	
2064		18	55.55556	aa:10(55.6%);bb:8(44.4%);	0.00000	1.00000	GT:a;NN:b;	
2066		47	68.08511	aa:32(68.1%);bb:12(25.5%);cc:2(4.3%);dd:1(2.1%);	0.00000	1.00000	ACGTT:c;GCCGT:a;GGCGT:d;NNNNN:b;	
2071		79	55.69620	aa:44(55.7%);ac:2(2.5%);ag:2(2.5%);ah:1(1.3%);bb:22(27.8%);cc:3(3.8%);dd:3(3.8%);ee:1(1.3%);ff:1(1.3%);	0.00000	1.00000	CCCGAA:h;GCCGAA:a;GCCGAC:d;GCCGGC:c;GCCTAA:e;GCTGGC:f;GTCGAA:g;NNNNNN:b;	
2072		1	100.00000	aa:1(100.0%);	0.00000	1.00000	G:a;	
2073		3	66.66667	aa:2(66.7%);bb:1(33.3%);	0.00000	1.00000	A:a;G:b;	
2106		76	51.31579	aa:39(51.3%);ac:2(2.6%);bb:22(28.9%);cc:2(2.6%);dd:3(3.9%);ee:3(3.9%);ff:2(2.6%);gg:1(1.3%);hh:1(1.3%);ij:1(1.3%);	0.00000	1.00000	AACNAACTCCCA:g;AACTAACTCCCA:i;AGCCACATCCCA:h;AGCNAACTTCCA:f;AGCNACACCCCA:c;AGCNACATCCCA:a;AGCTAACTCCCA:j;AGTNACATCCAT:d;GGTCGCATCGCA:e;NNNNNNNNNNNN:b;	
2076		7	42.85714	aa:3(42.9%);bb:2(28.6%);cc:1(14.3%);dd:1(14.3%);	0.00000	1.00000	GAAGACCA:b;GAAGGCCA:c;GAAGGCTA:d;TGGTGTCG:a;	
2113		75	28.00000	aa:21(28.0%);bb:13(17.3%);bd:1(1.3%);bn:1(1.3%);bo:1(1.3%);cc:10(13.3%);cd:2(2.7%);ce:1(1.3%);cg:1(1.3%);cm:1(1.3%);dd:7(9.3%);de:1(1.3%);df:1(1.3%);dp:1(1.3%);ee:2(2.7%);ff:2(2.7%);gg:2(2.7%);hh:2(2.7%);ii:2(2.7%);jj:1(1.3%);kk:1(1.3%);ll:1(1.3%);	0.00000	1.00000	AAAGCAGCCCCAGT:m;AAGGAAGCCCCAGT:f;AAGGAAGGCCCAGT:d;AAGGAAGGCCTAGT:j;AAGGAAGGGCCAGT:n;AAGGCAACCCCAGT:o;AAGGCAGCCCCAAT:g;AAGGCAGCCCCAGA:b;AAGGCAGCCCCAGT:c;AAGGCGGCCCCAGN:k;AAGGCGGCCCCAGT:h;AGGGCAGCCCCAGT:p;AGGTCAGCCACAGN:l;AGGTCAGCCCCAGA:i;NNNNNNNNNNNNNN:a;TGGGCAGCCCCGGT:e;	
2122		1	100.00000	ab:1(100.0%);	0.00000	1.00000	GCATGCAACAATAC:a;GCCTGCAAAAGTAT:b;	
2138		38	60.52632	aa:23(60.5%);ae:1(2.6%);bb:12(31.6%);cc:1(2.6%);dd:1(2.6%);	0.00000	1.00000	CAAG:e;CGAA:c;CGAG:a;NNNN:b;TGAG:d;	
2140		73	65.75342	aa:48(65.8%);af:1(1.4%);bb:20(27.4%);cc:2(2.7%);dd:1(1.4%);ee:1(1.4%);	0.00000	1.00000	AGCC:f;GACC:d;GACT:e;GGCC:a;GGTT:c;NNNN:b;	
